BEGIN TRANSACTION;
CREATE TABLE "rest_api_app_profile" ("id" integer NOT NULL PRIMARY KEY AUTOINCREMENT, "lat" real NOT NULL, "lan" real NOT NULL, "blood_group" varchar(5) NOT NULL, "user_id" integer NOT NULL REFERENCES "auth_user" ("id"), "location" varchar(100) NOT NULL);
INSERT INTO `rest_api_app_profile` VALUES (1,23.875315,90.390819,'A+',2,'Uttara');
INSERT INTO `rest_api_app_profile` VALUES (2,23.868952,90.395637,'B+',3,'Uttara');
CREATE TABLE "django_session" ("session_key" varchar(40) NOT NULL PRIMARY KEY, "session_data" text NOT NULL, "expire_date" datetime NOT NULL);
INSERT INTO `django_session` VALUES ('g1x3tg6iw3qbiir62tubr5oghbnnv5om','MTkxYmM3NDg5Nzg2MWI2MjZlMzQwZTM1MjVkNjg2MzE2N2IyZDlmZDp7Il9hdXRoX3VzZXJfaGFzaCI6IjYwY2VmZjIwN2YwNGQ0ZDNhMjIwZjI4ZmRkYzk4ZWQ4N2ZkMmEyN2EiLCJfYXV0aF91c2VyX2JhY2tlbmQiOiJkamFuZ28uY29udHJpYi5hdXRoLmJhY2tlbmRzLk1vZGVsQmFja2VuZCIsIl9hdXRoX3VzZXJfaWQiOiIxIn0=','2017-05-19 13:57:10.450732');
CREATE TABLE "django_migrations" ("id" integer NOT NULL PRIMARY KEY AUTOINCREMENT, "app" varchar(255) NOT NULL, "name" varchar(255) NOT NULL, "applied" datetime NOT NULL);
INSERT INTO `django_migrations` VALUES (1,'contenttypes','0001_initial','2017-05-05 13:35:17.836893');
INSERT INTO `django_migrations` VALUES (2,'auth','0001_initial','2017-05-05 13:35:18.149038');
INSERT INTO `django_migrations` VALUES (3,'admin','0001_initial','2017-05-05 13:35:18.487620');
INSERT INTO `django_migrations` VALUES (4,'admin','0002_logentry_remove_auto_add','2017-05-05 13:35:18.963030');
INSERT INTO `django_migrations` VALUES (5,'contenttypes','0002_remove_content_type_name','2017-05-05 13:35:19.296257');
INSERT INTO `django_migrations` VALUES (6,'auth','0002_alter_permission_name_max_length','2017-05-05 13:35:19.661926');
INSERT INTO `django_migrations` VALUES (7,'auth','0003_alter_user_email_max_length','2017-05-05 13:35:20.005751');
INSERT INTO `django_migrations` VALUES (8,'auth','0004_alter_user_username_opts','2017-05-05 13:35:20.353592');
INSERT INTO `django_migrations` VALUES (9,'auth','0005_alter_user_last_login_null','2017-05-05 13:35:20.789911');
INSERT INTO `django_migrations` VALUES (10,'auth','0006_require_contenttypes_0002','2017-05-05 13:35:20.919844');
INSERT INTO `django_migrations` VALUES (11,'auth','0007_alter_validators_add_error_messages','2017-05-05 13:35:21.196722');
INSERT INTO `django_migrations` VALUES (12,'auth','0008_alter_user_username_max_length','2017-05-05 13:35:21.607357');
INSERT INTO `django_migrations` VALUES (13,'authtoken','0001_initial','2017-05-05 13:35:21.936757');
INSERT INTO `django_migrations` VALUES (14,'authtoken','0002_auto_20160226_1747','2017-05-05 13:35:22.308343');
INSERT INTO `django_migrations` VALUES (15,'rest_api_app','0001_initial','2017-05-05 13:35:22.702135');
INSERT INTO `django_migrations` VALUES (16,'rest_api_app','0002_profile_location','2017-05-05 13:35:23.035087');
INSERT INTO `django_migrations` VALUES (17,'sessions','0001_initial','2017-05-05 13:35:23.327303');
CREATE TABLE "django_content_type" ("id" integer NOT NULL PRIMARY KEY AUTOINCREMENT, "app_label" varchar(100) NOT NULL, "model" varchar(100) NOT NULL);
INSERT INTO `django_content_type` VALUES (1,'admin','logentry');
INSERT INTO `django_content_type` VALUES (2,'auth','permission');
INSERT INTO `django_content_type` VALUES (3,'auth','user');
INSERT INTO `django_content_type` VALUES (4,'auth','group');
INSERT INTO `django_content_type` VALUES (5,'contenttypes','contenttype');
INSERT INTO `django_content_type` VALUES (6,'sessions','session');
INSERT INTO `django_content_type` VALUES (7,'rest_api_app','profile');
INSERT INTO `django_content_type` VALUES (8,'authtoken','token');
CREATE TABLE "django_admin_log" ("id" integer NOT NULL PRIMARY KEY AUTOINCREMENT, "object_id" text NULL, "object_repr" varchar(200) NOT NULL, "action_flag" smallint unsigned NOT NULL, "change_message" text NOT NULL, "content_type_id" integer NULL REFERENCES "django_content_type" ("id"), "user_id" integer NOT NULL REFERENCES "auth_user" ("id"), "action_time" datetime NOT NULL);
INSERT INTO `django_admin_log` VALUES (1,'2','demo',1,'[{"added": {}}]',3,1,'2017-05-05 13:50:15.705048');
INSERT INTO `django_admin_log` VALUES (2,'1','Profile object',1,'[{"added": {}}]',7,1,'2017-05-05 13:52:08.861903');
INSERT INTO `django_admin_log` VALUES (3,'3','demo2',1,'[{"added": {}}]',3,1,'2017-05-05 13:53:07.549023');
INSERT INTO `django_admin_log` VALUES (4,'2','Profile object',1,'[{"added": {}}]',7,1,'2017-05-05 13:53:38.477725');
INSERT INTO `django_admin_log` VALUES (5,'2','demo',2,'[{"changed": {"fields": ["first_name"]}}]',3,1,'2017-05-05 13:57:31.991212');
INSERT INTO `django_admin_log` VALUES (6,'3','demo2',2,'[{"changed": {"fields": ["first_name", "last_name"]}}]',3,1,'2017-05-05 13:57:54.954606');
CREATE TABLE "authtoken_token" ("key" varchar(40) NOT NULL PRIMARY KEY, "created" datetime NOT NULL, "user_id" integer NOT NULL UNIQUE REFERENCES "auth_user" ("id"));
CREATE TABLE "auth_user_user_permissions" ("id" integer NOT NULL PRIMARY KEY AUTOINCREMENT, "user_id" integer NOT NULL REFERENCES "auth_user" ("id"), "permission_id" integer NOT NULL REFERENCES "auth_permission" ("id"));
CREATE TABLE "auth_user_groups" ("id" integer NOT NULL PRIMARY KEY AUTOINCREMENT, "user_id" integer NOT NULL REFERENCES "auth_user" ("id"), "group_id" integer NOT NULL REFERENCES "auth_group" ("id"));
CREATE TABLE "auth_user" ("id" integer NOT NULL PRIMARY KEY AUTOINCREMENT, "password" varchar(128) NOT NULL, "last_login" datetime NULL, "is_superuser" bool NOT NULL, "first_name" varchar(30) NOT NULL, "last_name" varchar(30) NOT NULL, "email" varchar(254) NOT NULL, "is_staff" bool NOT NULL, "is_active" bool NOT NULL, "date_joined" datetime NOT NULL, "username" varchar(150) NOT NULL UNIQUE);
INSERT INTO `auth_user` VALUES (1,'pbkdf2_sha256$30000$QrQVn5Nr3tfM$fMCXAxo8IL2cMAd783AQQSPjQcuhT4cinDSpyG2kQDQ=','2017-05-05 13:57:10.294759',1,'','','ysajidasfi@gmail.com',1,1,'2017-05-05 13:49:41.228500','ysajid');
INSERT INTO `auth_user` VALUES (2,'pbkdf2_sha256$30000$2z1VXxlL3CTA$X8IRqkIP9BLIiTlJHuBxQk2l2CRxuli5G67WgLeTsx0=',NULL,0,'Abdullah','','',0,1,'2017-05-05 13:50:15','demo');
INSERT INTO `auth_user` VALUES (3,'pbkdf2_sha256$30000$lVyHnw6fPZhx$Ez00imT40twcQNxiCD5O+MyXbE9HS+V89hEVxM5atYE=',NULL,0,'Abdur','Rahman','',0,1,'2017-05-05 13:53:07','demo2');
CREATE TABLE "auth_permission" ("id" integer NOT NULL PRIMARY KEY AUTOINCREMENT, "content_type_id" integer NOT NULL REFERENCES "django_content_type" ("id"), "codename" varchar(100) NOT NULL, "name" varchar(255) NOT NULL);
INSERT INTO `auth_permission` VALUES (1,1,'add_logentry','Can add log entry');
INSERT INTO `auth_permission` VALUES (2,1,'change_logentry','Can change log entry');
INSERT INTO `auth_permission` VALUES (3,1,'delete_logentry','Can delete log entry');
INSERT INTO `auth_permission` VALUES (4,2,'add_permission','Can add permission');
INSERT INTO `auth_permission` VALUES (5,2,'change_permission','Can change permission');
INSERT INTO `auth_permission` VALUES (6,2,'delete_permission','Can delete permission');
INSERT INTO `auth_permission` VALUES (7,3,'add_user','Can add user');
INSERT INTO `auth_permission` VALUES (8,3,'change_user','Can change user');
INSERT INTO `auth_permission` VALUES (9,3,'delete_user','Can delete user');
INSERT INTO `auth_permission` VALUES (10,4,'add_group','Can add group');
INSERT INTO `auth_permission` VALUES (11,4,'change_group','Can change group');
INSERT INTO `auth_permission` VALUES (12,4,'delete_group','Can delete group');
INSERT INTO `auth_permission` VALUES (13,5,'add_contenttype','Can add content type');
INSERT INTO `auth_permission` VALUES (14,5,'change_contenttype','Can change content type');
INSERT INTO `auth_permission` VALUES (15,5,'delete_contenttype','Can delete content type');
INSERT INTO `auth_permission` VALUES (16,6,'add_session','Can add session');
INSERT INTO `auth_permission` VALUES (17,6,'change_session','Can change session');
INSERT INTO `auth_permission` VALUES (18,6,'delete_session','Can delete session');
INSERT INTO `auth_permission` VALUES (19,7,'add_profile','Can add profile');
INSERT INTO `auth_permission` VALUES (20,7,'change_profile','Can change profile');
INSERT INTO `auth_permission` VALUES (21,7,'delete_profile','Can delete profile');
INSERT INTO `auth_permission` VALUES (22,8,'add_token','Can add Token');
INSERT INTO `auth_permission` VALUES (23,8,'change_token','Can change Token');
INSERT INTO `auth_permission` VALUES (24,8,'delete_token','Can delete Token');
CREATE TABLE "auth_group_permissions" ("id" integer NOT NULL PRIMARY KEY AUTOINCREMENT, "group_id" integer NOT NULL REFERENCES "auth_group" ("id"), "permission_id" integer NOT NULL REFERENCES "auth_permission" ("id"));
CREATE TABLE "auth_group" ("id" integer NOT NULL PRIMARY KEY AUTOINCREMENT, "name" varchar(80) NOT NULL UNIQUE);
CREATE INDEX "rest_api_app_profile_e8701ad4" ON "rest_api_app_profile" ("user_id");
CREATE INDEX "django_session_de54fa62" ON "django_session" ("expire_date");
CREATE UNIQUE INDEX "django_content_type_app_label_76bd3d3b_uniq" ON "django_content_type" ("app_label", "model");
CREATE INDEX "django_admin_log_e8701ad4" ON "django_admin_log" ("user_id");
CREATE INDEX "django_admin_log_417f1b1c" ON "django_admin_log" ("content_type_id");
CREATE UNIQUE INDEX "auth_user_user_permissions_user_id_14a6b632_uniq" ON "auth_user_user_permissions" ("user_id", "permission_id");
CREATE INDEX "auth_user_user_permissions_e8701ad4" ON "auth_user_user_permissions" ("user_id");
CREATE INDEX "auth_user_user_permissions_8373b171" ON "auth_user_user_permissions" ("permission_id");
CREATE UNIQUE INDEX "auth_user_groups_user_id_94350c0c_uniq" ON "auth_user_groups" ("user_id", "group_id");
CREATE INDEX "auth_user_groups_e8701ad4" ON "auth_user_groups" ("user_id");
CREATE INDEX "auth_user_groups_0e939a4f" ON "auth_user_groups" ("group_id");
CREATE UNIQUE INDEX "auth_permission_content_type_id_01ab375a_uniq" ON "auth_permission" ("content_type_id", "codename");
CREATE INDEX "auth_permission_417f1b1c" ON "auth_permission" ("content_type_id");
CREATE UNIQUE INDEX "auth_group_permissions_group_id_0cd325b0_uniq" ON "auth_group_permissions" ("group_id", "permission_id");
CREATE INDEX "auth_group_permissions_8373b171" ON "auth_group_permissions" ("permission_id");
CREATE INDEX "auth_group_permissions_0e939a4f" ON "auth_group_permissions" ("group_id");
COMMIT;
